{"test_mae": 0.11654546856880188, "test_loss": 0.047765884548425674}