{"test_mae": 0.03799348697066307, "test_loss": 0.004198247101157904}