{"test_mae": 0.09756363183259964, "test_loss": 0.013663476333022118}