{"test_mae": 0.15148787200450897, "test_loss": 0.054163943976163864}