{"test_mae": 0.00010338544961996377, "test_loss": 1.609470601238172e-08}